Dim,TempoAlbero,TempoArray
10,0.000003,0.000002
25,0.000005,0.000003
50,0.000013,0.000005
100,0.000014,0.000010
200,0.000036,0.000046
500,0.000090,0.000051
1000,0.000199,0.000107
2000,0.000450,0.000237
