Dim,TempoAlbero,TempoArray
10,0.000004,0.000002
25,0.000047,0.000021
50,0.000013,0.000006
100,0.000013,0.000010
200,0.000031,0.000019
500,0.000114,0.000049
1000,0.000242,0.000100
200000,0.129763,0.034462
