Dim,TempoAlbero,TempoArray
10,0.000007,0.000004
25,0.000009,0.000008
50,0.000017,0.000014
100,0.000040,0.000030
200,0.000097,0.000060
500,0.000253,0.000156
1000,0.000572,0.000318
2000,0.001461,0.000739
