Dim,TempoAlbero,TempoArray
10,0.001465,0.001884
25,0.000060,0.000030
50,0.000110,0.000044
100,0.000229,0.000093
200,0.000507,0.000198
500,0.004279,0.000514
1000,0.002811,0.001123
2000,0.005794,0.002387
