Dim,TempoAlbero,TempoArray
10,0.000003,0.000003
25,0.000004,0.000003
50,0.000010,0.000005
100,0.000013,0.000009
200,0.000029,0.000018
500,0.000088,0.000049
1000,0.000198,0.000099
2000,0.000376,0.000231
