Dimensione,timeBubble,timeQuick,timeHeap
50,0.000006,0.000002,0.000005
300,0.000211,0.000021,0.000051
550,0.000688,0.000047,0.000104
800,0.001419,0.000075,0.000162
1050,0.002336,0.000097,0.000223
1300,0.003613,0.000130,0.000280
1550,0.005051,0.000151,0.000342
1800,0.006738,0.000175,0.000396
